/*
Navicat MySQL Data Transfer

Source Server         : mysql
Source Server Version : 50552
Source Host           : localhost:3306
Source Database       : utilmysql

Target Server Type    : MYSQL
Target Server Version : 50552
File Encoding         : 65001

Date: 2018-07-21 21:30:04
*/

SET FOREIGN_KEY_CHECKS=0;

-- ----------------------------
-- Table structure for fhbutton
-- ----------------------------
DROP TABLE IF EXISTS `fhbutton`;
CREATE TABLE `fhbutton` (
  `FHBUTTON_ID` varchar(100) NOT NULL,
  `NAME` varchar(30) DEFAULT NULL COMMENT '名称',
  `QX_NAME` varchar(50) DEFAULT NULL COMMENT '权限标识',
  `BZ` varchar(255) DEFAULT NULL COMMENT '备注',
  PRIMARY KEY (`FHBUTTON_ID`)
) ENGINE=InnoDB DEFAULT CHARSET=utf8;

-- ----------------------------
-- Records of fhbutton
-- ----------------------------
INSERT INTO `fhbutton` VALUES ('3542adfbda73410c976e185ffe50ad06', '导出EXCEL', 'toExcel', '导出EXCEL');
INSERT INTO `fhbutton` VALUES ('46992ea280ba4b72b29dedb0d4bc0106', '发邮件', 'email', '发送电子邮件');
INSERT INTO `fhbutton` VALUES ('4efa162fce8340f0bd2dcd3b11d327ec', '导入EXCEL', 'FromExcel', '导入EXCEL到系统用户');
INSERT INTO `fhbutton` VALUES ('cc51b694d5344d28a9aa13c84b7166cd', '发短信', 'sms', '发送短信');
INSERT INTO `fhbutton` VALUES ('da7fd386de0b49ce809984f5919022b8', '站内信', 'FHSMS', '发送站内信');

-- ----------------------------
-- Table structure for menu
-- ----------------------------
DROP TABLE IF EXISTS `menu`;
CREATE TABLE `menu` (
  `MENU_ID` int(11) NOT NULL,
  `MENU_NAME` varchar(255) DEFAULT NULL,
  `MENU_URL` varchar(255) DEFAULT NULL,
  `PARENT_ID` varchar(100) DEFAULT NULL,
  `MENU_ORDER` varchar(100) DEFAULT NULL,
  `MENU_ICON` varchar(60) DEFAULT NULL,
  `MENU_TYPE` varchar(10) DEFAULT NULL,
  `MENU_STATE` int(1) DEFAULT NULL,
  PRIMARY KEY (`MENU_ID`)
) ENGINE=InnoDB DEFAULT CHARSET=utf8;

-- ----------------------------
-- Records of menu
-- ----------------------------
INSERT INTO `menu` VALUES ('1', '系统管理', '#', '0', '1', 'menu-icon fa fa-desktop blue', '2', '1');
INSERT INTO `menu` VALUES ('2', '权限管理', '#', '1', '1', 'menu-icon fa fa-lock black', '1', '1');
INSERT INTO `menu` VALUES ('6', '信息管理', '#', '0', '5', 'menu-icon fa fa-credit-card green', '2', '1');
INSERT INTO `menu` VALUES ('7', '图片管理', '#', '6', '1', 'menu-icon fa fa-folder-o pink', '2', '1');
INSERT INTO `menu` VALUES ('8', '性能监控', 'druid/index.html', '9', '8', 'menu-icon fa fa-tachometer red', '1', '1');
INSERT INTO `menu` VALUES ('9', '系统工具', '#', '0', '3', 'menu-icon fa fa-cog black', '2', '1');
INSERT INTO `menu` VALUES ('10', '接口测试', 'tool/interfaceTest.do', '9', '2', 'menu-icon fa fa-exchange green', '1', '1');
INSERT INTO `menu` VALUES ('11', '上传图片', 'action/file/pic.do', '9', '3', 'menu-icon fa fa-envelope-o green', '1', '1');
INSERT INTO `menu` VALUES ('12', '置二维码', 'tool/goTwoDimensionCode.do', '9', '4', 'menu-icon fa fa-barcode green', '1', '1');
INSERT INTO `menu` VALUES ('14', '地图工具', 'tool/map.do', '9', '6', 'menu-icon fa fa-globe black', '1', '1');
INSERT INTO `menu` VALUES ('15', '微信管理', '', '0', '4', 'menu-icon fa fa-comments purple', '2', '1');
INSERT INTO `menu` VALUES ('16', '文本回复', 'action/weixinAccount/list', '15', '2', 'menu-icon fa fa-comment green', '2', '1');
INSERT INTO `menu` VALUES ('17', '应用命令', 'command/list.do', '15', '4', 'menu-icon fa fa-comment grey', '2', '1');
INSERT INTO `menu` VALUES ('18', '图文回复', 'imgmsg/list.do', '15', '3', 'menu-icon fa fa-comment pink', '2', '1');
INSERT INTO `menu` VALUES ('19', '关注回复', 'textmsg/goSubscribe.do', '15', '1', 'menu-icon fa fa-comment orange', '2', '1');
INSERT INTO `menu` VALUES ('20', '在线管理', 'onlinemanager/list.do', '1', '5', 'menu-icon fa fa-laptop green', '1', '1');
INSERT INTO `menu` VALUES ('21', '打印测试', 'tool/printTest.do', '9', '7', 'menu-icon fa fa-hdd-o grey', '1', '1');
INSERT INTO `menu` VALUES ('22', '一级菜单', '#', '0', '10', 'menu-icon fa fa-fire orange', '2', '1');
INSERT INTO `menu` VALUES ('23', '二级菜单', '#', '22', '1', 'menu-icon fa fa-leaf black', '1', '1');
INSERT INTO `menu` VALUES ('24', '三级菜单', '#', '23', '1', 'menu-icon fa fa-leaf black', '1', '1');
INSERT INTO `menu` VALUES ('30', '四级菜单', '#', '24', '1', 'menu-icon fa fa-leaf black', '1', '1');
INSERT INTO `menu` VALUES ('31', '五级菜单1', '#', '30', '1', 'menu-icon fa fa-leaf black', '1', '1');
INSERT INTO `menu` VALUES ('32', '五级菜单2', '#', '30', '2', 'menu-icon fa fa-leaf black', '1', '1');
INSERT INTO `menu` VALUES ('33', '六级菜单', '#', '31', '1', 'menu-icon fa fa-leaf black', '1', '1');
INSERT INTO `menu` VALUES ('34', '六级菜单2', 'login_default.do', '31', '2', 'menu-icon fa fa-leaf black', '1', '1');
INSERT INTO `menu` VALUES ('35', '四级菜单2', 'login_default.do', '24', '2', 'menu-icon fa fa-leaf black', '1', '1');
INSERT INTO `menu` VALUES ('36', '角色(基础权限)', 'role.do', '2', '1', 'menu-icon fa fa-key orange', '1', '1');
INSERT INTO `menu` VALUES ('37', '按钮权限', 'buttonrights/list.do', '2', '2', 'menu-icon fa fa-key green', '1', '1');
INSERT INTO `menu` VALUES ('38', '菜单管理', 'menu/listAllMenu.do', '1', '3', 'menu-icon fa fa-folder-open-o brown', '1', '1');
INSERT INTO `menu` VALUES ('39', '按钮管理', 'fhbutton/list.do', '1', '2', 'menu-icon fa fa-download orange', '1', '1');
INSERT INTO `menu` VALUES ('40', '用户管理', '#', '0', '2', 'menu-icon fa fa-users blue', '2', '1');
INSERT INTO `menu` VALUES ('41', '系统用户', 'user/listUsers.do', '40', '1', 'menu-icon fa fa-users green', '1', '1');
INSERT INTO `menu` VALUES ('42', '会员管理', 'happuser/listUsers.do', '40', '2', 'menu-icon fa fa-users orange', '1', '1');
INSERT INTO `menu` VALUES ('43', '数据字典', 'dictionaries/listAllDict.do?DICTIONARIES_ID=0', '1', '4', 'menu-icon fa fa-book purple', '1', '1');
INSERT INTO `menu` VALUES ('44', '代码生成器', '#', '9', '0', 'menu-icon fa fa-cogs brown', '1', '1');
INSERT INTO `menu` VALUES ('45', '七级菜单1', '#', '33', '1', 'menu-icon fa fa-leaf black', '1', '1');
INSERT INTO `menu` VALUES ('46', '七级菜单2', '#', '33', '2', 'menu-icon fa fa-leaf black', '1', '1');
INSERT INTO `menu` VALUES ('47', '八级菜单', 'login_default.do', '45', '1', 'menu-icon fa fa-leaf black', '1', '1');
INSERT INTO `menu` VALUES ('48', '图表报表', ' tool/fusionchartsdemo.do', '9', '5', 'menu-icon fa fa-bar-chart-o black', '1', '1');
INSERT INTO `menu` VALUES ('50', '站内信', 'fhsms/list.do', '6', '3', 'menu-icon fa fa-envelope green', '1', '1');
INSERT INTO `menu` VALUES ('51', '图片列表', 'pictures/list.do', '7', '1', 'menu-icon fa fa-folder-open-o green', '1', '1');
INSERT INTO `menu` VALUES ('52', '图片爬虫', 'pictures/goImageCrawler.do', '7', '2', 'menu-icon fa fa-cloud-download green', '1', '1');
INSERT INTO `menu` VALUES ('53', '表单构建器', 'tool/goFormbuilder.do', '9', '1', 'menu-icon fa fa-leaf black', '1', '1');
INSERT INTO `menu` VALUES ('54', '数据库管理', '#', '0', '9', 'menu-icon fa fa-hdd-o blue', '2', '1');
INSERT INTO `menu` VALUES ('55', '数据库备份', 'brdb/listAllTable.do', '54', '1', 'menu-icon fa fa-cloud-upload blue', '1', '1');
INSERT INTO `menu` VALUES ('56', '数据库还原', 'brdb/list.do', '54', '3', 'menu-icon fa fa-cloud-download blue', '1', '1');
INSERT INTO `menu` VALUES ('57', '备份定时器', 'timingbackup/list.do', '54', '2', 'menu-icon fa fa-tachometer blue', '1', '1');
INSERT INTO `menu` VALUES ('58', 'SQL编辑器', 'sqledit/view.do', '54', '4', 'menu-icon fa fa-pencil-square-o blue', '1', '1');
INSERT INTO `menu` VALUES ('59', 'OA办公', '#', '0', '6', 'menu-icon fa fa-laptop pink', '2', '1');
INSERT INTO `menu` VALUES ('60', '组织机构', 'department/listAllDepartment.do?DEPARTMENT_ID=0', '59', '1', 'menu-icon fa fa-users green', '1', '1');
INSERT INTO `menu` VALUES ('61', '反向生成', 'recreateCode/list.do', '44', '2', 'menu-icon fa fa-cogs blue', '1', '1');
INSERT INTO `menu` VALUES ('62', '正向生成', 'createCode/list.do', '44', '1', 'menu-icon fa fa-cogs green', '1', '1');
INSERT INTO `menu` VALUES ('63', '主附结构', 'attached/list.do', '6', '2', 'menu-icon fa fa-folder-open blue', '1', '1');

-- ----------------------------
-- Table structure for qrtz_blob_triggers
-- ----------------------------
DROP TABLE IF EXISTS `qrtz_blob_triggers`;
CREATE TABLE `qrtz_blob_triggers` (
  `SCHED_NAME` varchar(120) NOT NULL,
  `TRIGGER_NAME` varchar(200) NOT NULL,
  `TRIGGER_GROUP` varchar(200) NOT NULL,
  `BLOB_DATA` blob,
  PRIMARY KEY (`SCHED_NAME`,`TRIGGER_NAME`,`TRIGGER_GROUP`),
  KEY `SCHED_NAME` (`SCHED_NAME`,`TRIGGER_NAME`,`TRIGGER_GROUP`),
  CONSTRAINT `qrtz_blob_triggers_ibfk_1` FOREIGN KEY (`SCHED_NAME`, `TRIGGER_NAME`, `TRIGGER_GROUP`) REFERENCES `qrtz_triggers` (`SCHED_NAME`, `TRIGGER_NAME`, `TRIGGER_GROUP`)
) ENGINE=InnoDB DEFAULT CHARSET=latin1;

-- ----------------------------
-- Records of qrtz_blob_triggers
-- ----------------------------

-- ----------------------------
-- Table structure for qrtz_calendars
-- ----------------------------
DROP TABLE IF EXISTS `qrtz_calendars`;
CREATE TABLE `qrtz_calendars` (
  `SCHED_NAME` varchar(120) NOT NULL,
  `CALENDAR_NAME` varchar(200) NOT NULL,
  `CALENDAR` blob NOT NULL,
  PRIMARY KEY (`SCHED_NAME`,`CALENDAR_NAME`)
) ENGINE=InnoDB DEFAULT CHARSET=latin1;

-- ----------------------------
-- Records of qrtz_calendars
-- ----------------------------

-- ----------------------------
-- Table structure for qrtz_cron_triggers
-- ----------------------------
DROP TABLE IF EXISTS `qrtz_cron_triggers`;
CREATE TABLE `qrtz_cron_triggers` (
  `SCHED_NAME` varchar(120) NOT NULL,
  `TRIGGER_NAME` varchar(200) NOT NULL,
  `TRIGGER_GROUP` varchar(200) NOT NULL,
  `CRON_EXPRESSION` varchar(120) NOT NULL,
  `TIME_ZONE_ID` varchar(80) DEFAULT NULL,
  PRIMARY KEY (`SCHED_NAME`,`TRIGGER_NAME`,`TRIGGER_GROUP`),
  CONSTRAINT `qrtz_cron_triggers_ibfk_1` FOREIGN KEY (`SCHED_NAME`, `TRIGGER_NAME`, `TRIGGER_GROUP`) REFERENCES `qrtz_triggers` (`SCHED_NAME`, `TRIGGER_NAME`, `TRIGGER_GROUP`)
) ENGINE=InnoDB DEFAULT CHARSET=latin1;

-- ----------------------------
-- Records of qrtz_cron_triggers
-- ----------------------------
INSERT INTO `qrtz_cron_triggers` VALUES ('org.springframework.scheduling.quartz.SchedulerFactoryBean#0', 'cronTriggerBean', 'DEFAULT', '10 */1 * * * ? *', 'Asia/Shanghai');
INSERT INTO `qrtz_cron_triggers` VALUES ('schedulerFactoryBean', 'jobTrigger', 'DEFAULT', '10 */1 * * * ?', 'Asia/Shanghai');

-- ----------------------------
-- Table structure for qrtz_fired_triggers
-- ----------------------------
DROP TABLE IF EXISTS `qrtz_fired_triggers`;
CREATE TABLE `qrtz_fired_triggers` (
  `SCHED_NAME` varchar(120) NOT NULL,
  `ENTRY_ID` varchar(95) NOT NULL,
  `TRIGGER_NAME` varchar(200) NOT NULL,
  `TRIGGER_GROUP` varchar(200) NOT NULL,
  `INSTANCE_NAME` varchar(200) NOT NULL,
  `FIRED_TIME` bigint(13) NOT NULL,
  `SCHED_TIME` bigint(13) NOT NULL,
  `PRIORITY` int(11) NOT NULL,
  `STATE` varchar(16) NOT NULL,
  `JOB_NAME` varchar(200) DEFAULT NULL,
  `JOB_GROUP` varchar(200) DEFAULT NULL,
  `IS_NONCONCURRENT` varchar(1) DEFAULT NULL,
  `REQUESTS_RECOVERY` varchar(1) DEFAULT NULL,
  PRIMARY KEY (`SCHED_NAME`,`ENTRY_ID`)
) ENGINE=InnoDB DEFAULT CHARSET=latin1;

-- ----------------------------
-- Records of qrtz_fired_triggers
-- ----------------------------

-- ----------------------------
-- Table structure for qrtz_job_details
-- ----------------------------
DROP TABLE IF EXISTS `qrtz_job_details`;
CREATE TABLE `qrtz_job_details` (
  `SCHED_NAME` varchar(120) NOT NULL,
  `JOB_NAME` varchar(200) NOT NULL,
  `JOB_GROUP` varchar(200) NOT NULL,
  `DESCRIPTION` varchar(250) DEFAULT NULL,
  `JOB_CLASS_NAME` varchar(250) NOT NULL,
  `IS_DURABLE` varchar(1) NOT NULL,
  `IS_NONCONCURRENT` varchar(1) NOT NULL,
  `IS_UPDATE_DATA` varchar(1) NOT NULL,
  `REQUESTS_RECOVERY` varchar(1) NOT NULL,
  `JOB_DATA` blob,
  PRIMARY KEY (`SCHED_NAME`,`JOB_NAME`,`JOB_GROUP`),
  KEY `IDX_QRTZ_J_REQ_RECOVERY` (`SCHED_NAME`,`REQUESTS_RECOVERY`),
  KEY `IDX_QRTZ_J_GRP` (`SCHED_NAME`,`JOB_GROUP`)
) ENGINE=InnoDB DEFAULT CHARSET=latin1;

-- ----------------------------
-- Records of qrtz_job_details
-- ----------------------------
INSERT INTO `qrtz_job_details` VALUES ('org.springframework.scheduling.quartz.SchedulerFactoryBean#0', 'dailyBillJobDetail', 'DEFAULT', null, 'wenqiang_web.wenqiang_mavenWeb.cn.wenqiang.quartz.MyQuartzJobBean1', '1', '0', '0', '0', 0xACED0005737200156F72672E71756172747A2E4A6F62446174614D61709FB083E8BFA9B0CB020000787200266F72672E71756172747A2E7574696C732E537472696E674B65794469727479466C61674D61708208E8C3FBC55D280200015A0013616C6C6F77735472616E7369656E74446174617872001D6F72672E71756172747A2E7574696C732E4469727479466C61674D617013E62EAD28760ACE0200025A000564697274794C00036D617074000F4C6A6176612F7574696C2F4D61703B787001737200116A6176612E7574696C2E486173684D61700507DAC1C31660D103000246000A6C6F6164466163746F724900097468726573686F6C6478703F4000000000000C7708000000100000000274000C7461726765744F626A6563747400056D794A6F6274000C7461726765744D6574686F6474000F6765744163636573735F746F6B656E7800);
INSERT INTO `qrtz_job_details` VALUES ('schedulerFactoryBean', 'jobDetail', 'DEFAULT', null, 'wenqiang_web.wenqiang_mavenWeb.cn.wenqiang.quartz.MyQuartzJobBean1', '1', '1', '1', '1', 0xACED0005737200156F72672E71756172747A2E4A6F62446174614D61709FB083E8BFA9B0CB020000787200266F72672E71756172747A2E7574696C732E537472696E674B65794469727479466C61674D61708208E8C3FBC55D280200015A0013616C6C6F77735472616E7369656E74446174617872001D6F72672E71756172747A2E7574696C732E4469727479466C61674D617013E62EAD28760ACE0200025A000564697274794C00036D617074000F4C6A6176612F7574696C2F4D61703B787000737200116A6176612E7574696C2E486173684D61700507DAC1C31660D103000246000A6C6F6164466163746F724900097468726573686F6C6478703F4000000000000C770800000010000000007800);

-- ----------------------------
-- Table structure for qrtz_locks
-- ----------------------------
DROP TABLE IF EXISTS `qrtz_locks`;
CREATE TABLE `qrtz_locks` (
  `SCHED_NAME` varchar(120) NOT NULL,
  `LOCK_NAME` varchar(40) NOT NULL,
  PRIMARY KEY (`SCHED_NAME`,`LOCK_NAME`)
) ENGINE=InnoDB DEFAULT CHARSET=latin1;

-- ----------------------------
-- Records of qrtz_locks
-- ----------------------------
INSERT INTO `qrtz_locks` VALUES ('org.springframework.scheduling.quartz.SchedulerFactoryBean#0', 'STATE_ACCESS');
INSERT INTO `qrtz_locks` VALUES ('org.springframework.scheduling.quartz.SchedulerFactoryBean#0', 'TRIGGER_ACCESS');
INSERT INTO `qrtz_locks` VALUES ('quartzScheduler', 'TRIGGER_ACCESS');
INSERT INTO `qrtz_locks` VALUES ('schedulerFactoryBean', 'STATE_ACCESS');
INSERT INTO `qrtz_locks` VALUES ('schedulerFactoryBean', 'TRIGGER_ACCESS');

-- ----------------------------
-- Table structure for qrtz_paused_trigger_grps
-- ----------------------------
DROP TABLE IF EXISTS `qrtz_paused_trigger_grps`;
CREATE TABLE `qrtz_paused_trigger_grps` (
  `SCHED_NAME` varchar(120) NOT NULL,
  `TRIGGER_GROUP` varchar(200) NOT NULL,
  PRIMARY KEY (`SCHED_NAME`,`TRIGGER_GROUP`)
) ENGINE=InnoDB DEFAULT CHARSET=latin1;

-- ----------------------------
-- Records of qrtz_paused_trigger_grps
-- ----------------------------

-- ----------------------------
-- Table structure for qrtz_scheduler_state
-- ----------------------------
DROP TABLE IF EXISTS `qrtz_scheduler_state`;
CREATE TABLE `qrtz_scheduler_state` (
  `SCHED_NAME` varchar(120) NOT NULL,
  `INSTANCE_NAME` varchar(200) NOT NULL,
  `LAST_CHECKIN_TIME` bigint(13) NOT NULL,
  `CHECKIN_INTERVAL` bigint(13) NOT NULL,
  PRIMARY KEY (`SCHED_NAME`,`INSTANCE_NAME`)
) ENGINE=InnoDB DEFAULT CHARSET=latin1;

-- ----------------------------
-- Records of qrtz_scheduler_state
-- ----------------------------
INSERT INTO `qrtz_scheduler_state` VALUES ('org.springframework.scheduling.quartz.SchedulerFactoryBean#0', 'my-THINK1501390757460', '1501391979519', '20000');
INSERT INTO `qrtz_scheduler_state` VALUES ('schedulerFactoryBean', 'my-THINK1501341115899', '1501341147569', '20000');

-- ----------------------------
-- Table structure for qrtz_simple_triggers
-- ----------------------------
DROP TABLE IF EXISTS `qrtz_simple_triggers`;
CREATE TABLE `qrtz_simple_triggers` (
  `SCHED_NAME` varchar(120) NOT NULL,
  `TRIGGER_NAME` varchar(200) NOT NULL,
  `TRIGGER_GROUP` varchar(200) NOT NULL,
  `REPEAT_COUNT` bigint(7) NOT NULL,
  `REPEAT_INTERVAL` bigint(12) NOT NULL,
  `TIMES_TRIGGERED` bigint(10) NOT NULL,
  PRIMARY KEY (`SCHED_NAME`,`TRIGGER_NAME`,`TRIGGER_GROUP`),
  CONSTRAINT `qrtz_simple_triggers_ibfk_1` FOREIGN KEY (`SCHED_NAME`, `TRIGGER_NAME`, `TRIGGER_GROUP`) REFERENCES `qrtz_triggers` (`SCHED_NAME`, `TRIGGER_NAME`, `TRIGGER_GROUP`)
) ENGINE=InnoDB DEFAULT CHARSET=latin1;

-- ----------------------------
-- Records of qrtz_simple_triggers
-- ----------------------------

-- ----------------------------
-- Table structure for qrtz_simprop_triggers
-- ----------------------------
DROP TABLE IF EXISTS `qrtz_simprop_triggers`;
CREATE TABLE `qrtz_simprop_triggers` (
  `SCHED_NAME` varchar(120) NOT NULL,
  `TRIGGER_NAME` varchar(200) NOT NULL,
  `TRIGGER_GROUP` varchar(200) NOT NULL,
  `STR_PROP_1` varchar(512) DEFAULT NULL,
  `STR_PROP_2` varchar(512) DEFAULT NULL,
  `STR_PROP_3` varchar(512) DEFAULT NULL,
  `INT_PROP_1` int(11) DEFAULT NULL,
  `INT_PROP_2` int(11) DEFAULT NULL,
  `LONG_PROP_1` bigint(20) DEFAULT NULL,
  `LONG_PROP_2` bigint(20) DEFAULT NULL,
  `DEC_PROP_1` decimal(13,4) DEFAULT NULL,
  `DEC_PROP_2` decimal(13,4) DEFAULT NULL,
  `BOOL_PROP_1` varchar(1) DEFAULT NULL,
  `BOOL_PROP_2` varchar(1) DEFAULT NULL,
  PRIMARY KEY (`SCHED_NAME`,`TRIGGER_NAME`,`TRIGGER_GROUP`),
  CONSTRAINT `qrtz_simprop_triggers_ibfk_1` FOREIGN KEY (`SCHED_NAME`, `TRIGGER_NAME`, `TRIGGER_GROUP`) REFERENCES `qrtz_triggers` (`SCHED_NAME`, `TRIGGER_NAME`, `TRIGGER_GROUP`)
) ENGINE=InnoDB DEFAULT CHARSET=latin1;

-- ----------------------------
-- Records of qrtz_simprop_triggers
-- ----------------------------

-- ----------------------------
-- Table structure for qrtz_triggers
-- ----------------------------
DROP TABLE IF EXISTS `qrtz_triggers`;
CREATE TABLE `qrtz_triggers` (
  `SCHED_NAME` varchar(120) NOT NULL,
  `TRIGGER_NAME` varchar(200) NOT NULL,
  `TRIGGER_GROUP` varchar(200) NOT NULL,
  `JOB_NAME` varchar(200) NOT NULL,
  `JOB_GROUP` varchar(200) NOT NULL,
  `DESCRIPTION` varchar(250) DEFAULT NULL,
  `NEXT_FIRE_TIME` bigint(13) DEFAULT NULL,
  `PREV_FIRE_TIME` bigint(13) DEFAULT NULL,
  `PRIORITY` int(11) DEFAULT NULL,
  `TRIGGER_STATE` varchar(16) NOT NULL,
  `TRIGGER_TYPE` varchar(8) NOT NULL,
  `START_TIME` bigint(13) NOT NULL,
  `END_TIME` bigint(13) DEFAULT NULL,
  `CALENDAR_NAME` varchar(200) DEFAULT NULL,
  `MISFIRE_INSTR` smallint(2) DEFAULT NULL,
  `JOB_DATA` blob,
  PRIMARY KEY (`SCHED_NAME`,`TRIGGER_NAME`,`TRIGGER_GROUP`),
  KEY `IDX_QRTZ_T_J` (`SCHED_NAME`,`JOB_NAME`,`JOB_GROUP`),
  KEY `IDX_QRTZ_T_JG` (`SCHED_NAME`,`JOB_GROUP`),
  KEY `IDX_QRTZ_T_C` (`SCHED_NAME`,`CALENDAR_NAME`),
  KEY `IDX_QRTZ_T_G` (`SCHED_NAME`,`TRIGGER_GROUP`),
  KEY `IDX_QRTZ_T_STATE` (`SCHED_NAME`,`TRIGGER_STATE`),
  KEY `IDX_QRTZ_T_N_STATE` (`SCHED_NAME`,`TRIGGER_NAME`,`TRIGGER_GROUP`,`TRIGGER_STATE`),
  KEY `IDX_QRTZ_T_N_G_STATE` (`SCHED_NAME`,`TRIGGER_GROUP`,`TRIGGER_STATE`),
  KEY `IDX_QRTZ_T_NEXT_FIRE_TIME` (`SCHED_NAME`,`NEXT_FIRE_TIME`),
  KEY `IDX_QRTZ_T_NFT_ST` (`SCHED_NAME`,`TRIGGER_STATE`,`NEXT_FIRE_TIME`),
  KEY `IDX_QRTZ_T_NFT_MISFIRE` (`SCHED_NAME`,`MISFIRE_INSTR`,`NEXT_FIRE_TIME`),
  KEY `IDX_QRTZ_T_NFT_ST_MISFIRE` (`SCHED_NAME`,`MISFIRE_INSTR`,`NEXT_FIRE_TIME`,`TRIGGER_STATE`),
  KEY `IDX_QRTZ_T_NFT_ST_MISFIRE_GRP` (`SCHED_NAME`,`MISFIRE_INSTR`,`NEXT_FIRE_TIME`,`TRIGGER_GROUP`,`TRIGGER_STATE`),
  CONSTRAINT `qrtz_triggers_ibfk_1` FOREIGN KEY (`SCHED_NAME`, `JOB_NAME`, `JOB_GROUP`) REFERENCES `qrtz_job_details` (`SCHED_NAME`, `JOB_NAME`, `JOB_GROUP`)
) ENGINE=InnoDB DEFAULT CHARSET=latin1;

-- ----------------------------
-- Records of qrtz_triggers
-- ----------------------------
INSERT INTO `qrtz_triggers` VALUES ('org.springframework.scheduling.quartz.SchedulerFactoryBean#0', 'cronTriggerBean', 'DEFAULT', 'dailyBillJobDetail', 'DEFAULT', null, '1501392010000', '1501391950000', '0', 'WAITING', 'CRON', '1501390281000', '0', null, '0', '');
INSERT INTO `qrtz_triggers` VALUES ('schedulerFactoryBean', 'jobTrigger', 'DEFAULT', 'jobDetail', 'DEFAULT', null, '1501341190000', '1501341130000', '0', 'WAITING', 'CRON', '1501341130000', '0', null, '0', '');

-- ----------------------------
-- Table structure for resources
-- ----------------------------
DROP TABLE IF EXISTS `resources`;
CREATE TABLE `resources` (
  `id` int(11) NOT NULL AUTO_INCREMENT,
  `name` varchar(255) DEFAULT NULL COMMENT '资源名称',
  `resUrl` varchar(255) DEFAULT NULL COMMENT '资源url',
  `type` int(11) DEFAULT NULL COMMENT '资源类型   1:菜单    2：按钮',
  `parentId` int(11) DEFAULT NULL COMMENT '父资源',
  `sort` int(11) DEFAULT NULL COMMENT '排序',
  PRIMARY KEY (`id`)
) ENGINE=InnoDB AUTO_INCREMENT=14 DEFAULT CHARSET=utf8;

-- ----------------------------
-- Records of resources
-- ----------------------------
INSERT INTO `resources` VALUES ('1', '系统设置', '/system', '0', '0', '1');
INSERT INTO `resources` VALUES ('2', '用户管理', '/usersPage', '1', '1', '2');
INSERT INTO `resources` VALUES ('3', '角色管理', '/rolesPage', '1', '1', '3');
INSERT INTO `resources` VALUES ('4', '资源管理', '/resourcesPage', '1', '1', '4');
INSERT INTO `resources` VALUES ('5', '添加用户', '/users/add', '2', '2', '5');
INSERT INTO `resources` VALUES ('6', '删除用户', '/users/delete', '2', '2', '6');
INSERT INTO `resources` VALUES ('7', '添加角色', '/roles/add', '2', '3', '7');
INSERT INTO `resources` VALUES ('8', '删除角色', '/roles/delete', '2', '3', '8');
INSERT INTO `resources` VALUES ('9', '添加资源', '/resources/add', '2', '4', '9');
INSERT INTO `resources` VALUES ('10', '删除资源', '/resources/delete', '2', '4', '10');
INSERT INTO `resources` VALUES ('11', '分配角色', '/users/saveUserRoles', '2', '2', '11');
INSERT INTO `resources` VALUES ('13', '分配权限', '/roles/saveRoleResources', '2', '3', '12');

-- ----------------------------
-- Table structure for role
-- ----------------------------
DROP TABLE IF EXISTS `role`;
CREATE TABLE `role` (
  `id` int(11) NOT NULL AUTO_INCREMENT,
  `roleDesc` varchar(255) DEFAULT NULL,
  PRIMARY KEY (`id`)
) ENGINE=InnoDB AUTO_INCREMENT=4 DEFAULT CHARSET=utf8;

-- ----------------------------
-- Records of role
-- ----------------------------
INSERT INTO `role` VALUES ('1', '管理员');
INSERT INTO `role` VALUES ('2', '普通用户');
INSERT INTO `role` VALUES ('3', '超级管理员');

-- ----------------------------
-- Table structure for role_fhbutton
-- ----------------------------
DROP TABLE IF EXISTS `role_fhbutton`;
CREATE TABLE `role_fhbutton` (
  `RB_ID` varchar(100) NOT NULL,
  `ROLE_ID` varchar(100) DEFAULT NULL,
  `BUTTON_ID` varchar(100) DEFAULT NULL,
  PRIMARY KEY (`RB_ID`),
  KEY `角色表外键` (`ROLE_ID`) USING BTREE,
  KEY `fbutton` (`BUTTON_ID`)
) ENGINE=InnoDB DEFAULT CHARSET=utf8;

-- ----------------------------
-- Records of role_fhbutton
-- ----------------------------
INSERT INTO `role_fhbutton` VALUES ('14b5c28ea6ae4508b57d2d272ab3d5f1', '3264c8e83d0248bb9e3ea6195b4c0216', '46992ea280ba4b72b29dedb0d4bc0106');
INSERT INTO `role_fhbutton` VALUES ('1743733f366240c693c4295b527d1b0e', 'de9de2f006e145a29d52dfadda295353', '4efa162fce8340f0bd2dcd3b11d327ec');
INSERT INTO `role_fhbutton` VALUES ('3768e60edd1c4b5c9f1dd861188ae2f9', '3264c8e83d0248bb9e3ea6195b4c0216', 'cc51b694d5344d28a9aa13c84b7166cd');
INSERT INTO `role_fhbutton` VALUES ('8231c216fb514b4188e4162e629c6237', '3264c8e83d0248bb9e3ea6195b4c0216', '4efa162fce8340f0bd2dcd3b11d327ec');
INSERT INTO `role_fhbutton` VALUES ('9412d1d05162464c83658c7f89ab03f0', '68f8e4a39efe47c7bb869e9d15ab925d', '3542adfbda73410c976e185ffe50ad06');
INSERT INTO `role_fhbutton` VALUES ('96567633dd3548c9b75d28f430adf5a3', '3264c8e83d0248bb9e3ea6195b4c0216', 'da7fd386de0b49ce809984f5919022b8');
INSERT INTO `role_fhbutton` VALUES ('a1478f27c852459fa9cad04b642f4fb7', 'de9de2f006e145a29d52dfadda295353', '3542adfbda73410c976e185ffe50ad06');
INSERT INTO `role_fhbutton` VALUES ('ba6696b8761044618e44c7e02c9ba89e', '68f8e4a39efe47c7bb869e9d15ab925d', 'cc51b694d5344d28a9aa13c84b7166cd');
INSERT INTO `role_fhbutton` VALUES ('f0329033d0914faf8ea6e9ff252cc5e6', '68f8e4a39efe47c7bb869e9d15ab925d', '46992ea280ba4b72b29dedb0d4bc0106');
INSERT INTO `role_fhbutton` VALUES ('f627982cc9d4479dbc03af726dc6ac58', 'de9de2f006e145a29d52dfadda295353', 'cc51b694d5344d28a9aa13c84b7166cd');

-- ----------------------------
-- Table structure for role_resources
-- ----------------------------
DROP TABLE IF EXISTS `role_resources`;
CREATE TABLE `role_resources` (
  `roleId` int(11) NOT NULL,
  `resourcesId` int(11) NOT NULL,
  PRIMARY KEY (`roleId`,`resourcesId`)
) ENGINE=InnoDB DEFAULT CHARSET=utf8;

-- ----------------------------
-- Records of role_resources
-- ----------------------------
INSERT INTO `role_resources` VALUES ('1', '2');
INSERT INTO `role_resources` VALUES ('1', '3');
INSERT INTO `role_resources` VALUES ('1', '4');
INSERT INTO `role_resources` VALUES ('1', '5');
INSERT INTO `role_resources` VALUES ('1', '6');
INSERT INTO `role_resources` VALUES ('1', '7');
INSERT INTO `role_resources` VALUES ('1', '8');
INSERT INTO `role_resources` VALUES ('1', '9');
INSERT INTO `role_resources` VALUES ('1', '10');
INSERT INTO `role_resources` VALUES ('1', '11');
INSERT INTO `role_resources` VALUES ('1', '13');
INSERT INTO `role_resources` VALUES ('2', '2');
INSERT INTO `role_resources` VALUES ('2', '3');
INSERT INTO `role_resources` VALUES ('2', '4');
INSERT INTO `role_resources` VALUES ('2', '9');
INSERT INTO `role_resources` VALUES ('3', '2');
INSERT INTO `role_resources` VALUES ('3', '3');
INSERT INTO `role_resources` VALUES ('3', '4');
INSERT INTO `role_resources` VALUES ('3', '5');
INSERT INTO `role_resources` VALUES ('3', '7');
INSERT INTO `role_resources` VALUES ('3', '8');
INSERT INTO `role_resources` VALUES ('3', '9');
INSERT INTO `role_resources` VALUES ('3', '10');
INSERT INTO `role_resources` VALUES ('9', '9');

-- ----------------------------
-- Table structure for t_user
-- ----------------------------
DROP TABLE IF EXISTS `t_user`;
CREATE TABLE `t_user` (
  `userId` int(11) NOT NULL AUTO_INCREMENT,
  `userName` varchar(255) DEFAULT NULL,
  `password` varchar(255) DEFAULT NULL,
  `tel` varchar(255) DEFAULT NULL,
  `sex` varchar(255) DEFAULT NULL,
  `description` varchar(255) DEFAULT NULL,
  PRIMARY KEY (`userId`)
) ENGINE=InnoDB AUTO_INCREMENT=6 DEFAULT CHARSET=utf8;

-- ----------------------------
-- Records of t_user
-- ----------------------------
INSERT INTO `t_user` VALUES ('4', '2', '2', '2', '2', '2');
INSERT INTO `t_user` VALUES ('5', '3', '3', '3', '3', '3');

-- ----------------------------
-- Table structure for user
-- ----------------------------
DROP TABLE IF EXISTS `user`;
CREATE TABLE `user` (
  `id` int(11) NOT NULL AUTO_INCREMENT,
  `username` varchar(33) DEFAULT NULL,
  `password` varchar(33) DEFAULT NULL,
  `enable` int(10) DEFAULT '1' COMMENT '是否启用',
  PRIMARY KEY (`id`)
) ENGINE=InnoDB AUTO_INCREMENT=22 DEFAULT CHARSET=utf8;

-- ----------------------------
-- Records of user
-- ----------------------------
INSERT INTO `user` VALUES ('1', 'admin', '3ef7164d1f6167cb9f2658c07d3c2f0a', '1');
INSERT INTO `user` VALUES ('2', 'user1', '90e66e36e3135a91d298177d4389851e', '1');
INSERT INTO `user` VALUES ('3', 'user2', '121', '0');
INSERT INTO `user` VALUES ('4', 'user3', 'user3', '1');
INSERT INTO `user` VALUES ('5', 'user4', 'user4', '1');
INSERT INTO `user` VALUES ('6', 'user5', 'user5', '1');
INSERT INTO `user` VALUES ('7', 'user6', 'user6', '1');
INSERT INTO `user` VALUES ('8', 'user7', 'user7', '1');
INSERT INTO `user` VALUES ('9', 'user8', 'user8', '1');
INSERT INTO `user` VALUES ('10', 'user9', 'user9', '1');
INSERT INTO `user` VALUES ('11', 'user10', 'user10', '1');
INSERT INTO `user` VALUES ('12', 'user11', 'user11', '1');
INSERT INTO `user` VALUES ('13', 'user12', 'user12', '1');
INSERT INTO `user` VALUES ('14', 'user13', 'user13', '1');
INSERT INTO `user` VALUES ('15', 'user14', 'user14', '1');
INSERT INTO `user` VALUES ('16', 'user15', 'user15', '1');
INSERT INTO `user` VALUES ('17', 'user16', 'user16', '1');
INSERT INTO `user` VALUES ('18', 'user17', 'user17', '1');
INSERT INTO `user` VALUES ('19', 'user18', 'user18', '1');
INSERT INTO `user` VALUES ('21', 'user20', 'user20', '1');

-- ----------------------------
-- Table structure for user_role
-- ----------------------------
DROP TABLE IF EXISTS `user_role`;
CREATE TABLE `user_role` (
  `userId` int(11) DEFAULT NULL,
  `roleId` int(11) DEFAULT NULL
) ENGINE=InnoDB DEFAULT CHARSET=utf8;

-- ----------------------------
-- Records of user_role
-- ----------------------------
INSERT INTO `user_role` VALUES ('23', '2');
INSERT INTO `user_role` VALUES ('1', '1');
INSERT INTO `user_role` VALUES ('2', '2');

-- ----------------------------
-- Table structure for weixin_account
-- ----------------------------
DROP TABLE IF EXISTS `weixin_account`;
CREATE TABLE `weixin_account` (
  `id` int(11) NOT NULL AUTO_INCREMENT COMMENT '主键',
  `accountname` varchar(200) DEFAULT NULL COMMENT '公众帐号名称',
  `accounttoken` varchar(200) DEFAULT NULL COMMENT '公众帐号TOKEN',
  `accountnumber` varchar(200) DEFAULT NULL COMMENT '公众微信号',
  `accounttype` varchar(50) DEFAULT NULL COMMENT '公众号类型',
  `accountemail` varchar(200) DEFAULT NULL COMMENT '电子邮箱',
  `accountdesc` varchar(500) DEFAULT NULL COMMENT '公众帐号描述',
  `accountaccesstoken` varchar(1000) DEFAULT NULL COMMENT 'ACCESS_TOKEN',
  `accountappid` varchar(200) DEFAULT NULL COMMENT '公众帐号APPID',
  `accountappsecret` varchar(500) DEFAULT NULL COMMENT '公众帐号APPSECRET',
  `ADDTOEKNTIME` datetime DEFAULT NULL,
  `USERNAME` varchar(50) DEFAULT NULL,
  `WEIXIN_ACCOUNTID` varchar(100) DEFAULT NULL,
  `userid` int(11) DEFAULT NULL,
  PRIMARY KEY (`id`)
) ENGINE=InnoDB AUTO_INCREMENT=3 DEFAULT CHARSET=utf8;

-- ----------------------------
-- Records of weixin_account
-- ----------------------------
INSERT INTO `weixin_account` VALUES ('2', 'test', 'weixingtest', 'gh_85e1af10a9cd', '2', '344436738@qq.com222', 'test', 'Qvq7LpsaQ7e3if-CdPsQQT72VyF0PNX97O8MNI9qhRBTDklPEchHgtyQGSsu-_8EAZma8rfm86wN2I5c29B0Ltq61M4SFB2C_Y2pljPtBeA6RkyerKglqmIAHgrIlkfFDYEbAEAIDJ', 'wx184109df18f41414', '2382b9237a08c7c89b6fd70f5a350c2d', '2017-04-20 20:24:01', 'admin', 'gh_85e1af10a9cd', '1');

-- ----------------------------
-- Table structure for weixin_menu
-- ----------------------------
DROP TABLE IF EXISTS `weixin_menu`;
CREATE TABLE `weixin_menu` (
  `id` int(11) NOT NULL AUTO_INCREMENT,
  `menukey` varchar(225) DEFAULT NULL,
  `msgtype` varchar(225) DEFAULT NULL COMMENT '消息类型',
  `name` varchar(225) DEFAULT NULL COMMENT '菜单名称',
  `sorting` int(11) DEFAULT NULL COMMENT '排序',
  `templateid` int(11) DEFAULT NULL COMMENT '模板ID',
  `type` varchar(225) DEFAULT NULL COMMENT '点击事件类型',
  `url` varchar(225) DEFAULT NULL COMMENT '请求地址',
  `fatherid` int(11) DEFAULT NULL COMMENT '父节点',
  `accountid` int(11) DEFAULT NULL COMMENT '用户ID',
  PRIMARY KEY (`id`)
) ENGINE=InnoDB DEFAULT CHARSET=utf8;

-- ----------------------------
-- Records of weixin_menu
-- ----------------------------

-- ----------------------------
-- Table structure for weixin_newsitem
-- ----------------------------
DROP TABLE IF EXISTS `weixin_newsitem`;
CREATE TABLE `weixin_newsitem` (
  `id` int(11) NOT NULL AUTO_INCREMENT,
  `new_type` varchar(255) DEFAULT NULL COMMENT '图文类型：图文还是外部url',
  `author` varchar(255) DEFAULT NULL COMMENT '作者',
  `content` text COMMENT '内容',
  `description` varchar(255) DEFAULT NULL COMMENT '描述',
  `imagepath` varchar(255) DEFAULT NULL COMMENT '图片链接',
  `sorting` int(11) DEFAULT NULL COMMENT '排序',
  `title` varchar(255) DEFAULT NULL COMMENT '标题',
  `templateid` int(11) DEFAULT NULL,
  `url` varchar(255) DEFAULT NULL COMMENT '外部URL',
  `create_date` date DEFAULT NULL COMMENT '时间',
  `accountid` int(32) DEFAULT NULL,
  PRIMARY KEY (`id`)
) ENGINE=InnoDB DEFAULT CHARSET=utf8;

-- ----------------------------
-- Records of weixin_newsitem
-- ----------------------------

-- ----------------------------
-- Procedure structure for init_shiro_demo
-- ----------------------------
DROP PROCEDURE IF EXISTS `init_shiro_demo`;
DELIMITER ;;
CREATE DEFINER=`root`@`%` PROCEDURE `init_shiro_demo`()
BEGIN	
/*
SQLyog 企业版 - MySQL GUI v7.14 
MySQL - 5.6.16-log : Database - 
*********************************************************************
*/
/*表结构插入*/
DROP TABLE IF EXISTS `u_permission`;
CREATE TABLE `u_permission` (
  `id` bigint(20) NOT NULL AUTO_INCREMENT,
  `url` varchar(256) DEFAULT NULL COMMENT 'url地址',
  `name` varchar(64) DEFAULT NULL COMMENT 'url描述',
  PRIMARY KEY (`id`)
) ENGINE=InnoDB AUTO_INCREMENT=21 DEFAULT CHARSET=utf8;
/*Table structure for table `u_role` */
DROP TABLE IF EXISTS `u_role`;
CREATE TABLE `u_role` (
  `id` bigint(20) NOT NULL AUTO_INCREMENT,
  `name` varchar(32) DEFAULT NULL COMMENT '角色名称',
  `type` varchar(10) DEFAULT NULL COMMENT '角色类型',
  PRIMARY KEY (`id`)
) ENGINE=InnoDB AUTO_INCREMENT=5 DEFAULT CHARSET=utf8;
/*Table structure for table `u_role_permission` */
DROP TABLE IF EXISTS `u_role_permission`;
CREATE TABLE `u_role_permission` (
  `rid` bigint(20) DEFAULT NULL COMMENT '角色ID',
  `pid` bigint(20) DEFAULT NULL COMMENT '权限ID'
) ENGINE=InnoDB DEFAULT CHARSET=utf8;
/*Table structure for table `u_user` */
DROP TABLE IF EXISTS `u_user`;
CREATE TABLE `u_user` (
  `id` bigint(20) NOT NULL AUTO_INCREMENT,
  `nickname` varchar(20) DEFAULT NULL COMMENT '用户昵称',
  `email` varchar(128) DEFAULT NULL COMMENT '邮箱|登录帐号',
  `pswd` varchar(32) DEFAULT NULL COMMENT '密码',
  `create_time` datetime DEFAULT NULL COMMENT '创建时间',
  `last_login_time` datetime DEFAULT NULL COMMENT '最后登录时间',
  `status` bigint(1) DEFAULT '1' COMMENT '1:有效，0:禁止登录',
  PRIMARY KEY (`id`)
) ENGINE=InnoDB AUTO_INCREMENT=15 DEFAULT CHARSET=utf8;
/*Table structure for table `u_user_role` */
DROP TABLE IF EXISTS `u_user_role`;
CREATE TABLE `u_user_role` (
  `uid` bigint(20) DEFAULT NULL COMMENT '用户ID',
  `rid` bigint(20) DEFAULT NULL COMMENT '角色ID'
) ENGINE=InnoDB DEFAULT CHARSET=utf8;
/*
SQLyog 企业版 - MySQL GUI v7.14 
MySQL - 5.6.16-log : Database - i_wenyiba_com
*********************************************************************
*/
/*所有的表数据插入*/
/*Data for the table `u_permission` */
insert  into `u_permission`(`id`,`url`,`name`) values (4,'/permission/index.shtml','权限列表'),(6,'/permission/addPermission.shtml','权限添加'),(7,'/permission/deletePermissionById.shtml','权限删除'),(8,'/member/list.shtml','用户列表'),(9,'/member/online.shtml','在线用户'),(10,'/member/changeSessionStatus.shtml','用户Session踢出'),(11,'/member/forbidUserById.shtml','用户激活&禁止'),(12,'/member/deleteUserById.shtml','用户删除'),(13,'/permission/addPermission2Role.shtml','权限分配'),(14,'/role/clearRoleByUserIds.shtml','用户角色分配清空'),(15,'/role/addRole2User.shtml','角色分配保存'),(16,'/role/deleteRoleById.shtml','角色列表删除'),(17,'/role/addRole.shtml','角色列表添加'),(18,'/role/index.shtml','角色列表'),(19,'/permission/allocation.shtml','权限分配'),(20,'/role/allocation.shtml','角色分配');
/*Data for the table `u_role` */
insert  into `u_role`(`id`,`name`,`type`) values (1,'系统管理员','888888'),(3,'权限角色','100003'),(4,'用户中心','100002');
/*Data for the table `u_role_permission` */
insert  into `u_role_permission`(`rid`,`pid`) values (4,8),(4,9),(4,10),(4,11),(4,12),(3,4),(3,6),(3,7),(3,13),(3,14),(3,15),(3,16),(3,17),(3,18),(3,19),(3,20),(1,4),(1,6),(1,7),(1,8),(1,9),(1,10),(1,11),(1,12),(1,13),(1,14),(1,15),(1,16),(1,17),(1,18),(1,19),(1,20);
/*Data for the table `u_user` */
insert  into `u_user`(`id`,`nickname`,`email`,`pswd`,`create_time`,`last_login_time`,`status`) values (1,'管理员','admin','9c3250081c7b1f5c6cbb8096e3e1cd04','2016-06-16 11:15:33','2016-06-16 11:24:10',1),(11,'soso','8446666@qq.com','d57ffbe486910dd5b26d0167d034f9ad','2016-05-26 20:50:54','2016-06-16 11:24:35',1),(12,'8446666','8446666','4afdc875a67a55528c224ce088be2ab8','2016-05-27 22:34:19','2016-06-15 17:03:16',1);
/*Data for the table `u_user_role` */
insert  into `u_user_role`(`uid`,`rid`) values (12,4),(11,3),(11,4),(1,1);
   
    END
;;
DELIMITER ;
